<?xml version="1.0" encoding="UTF-8" ?>
<!-- Passport Reader Document File -->
<root>
   <reader device="SMARTKIOSK-L214733" software="2.1.10.3-x64"/>
   <pagelist>
      <imagelist proctime="2023-06-27 22:13:48.680">
         <image file="image1.jpg" captime="2023-06-27 22:13:49.019" camera="258" light="INFRA" page="0" isdata="vxgen0001.bin" datatype="file"/>
         <image file="image2.jpg" captime="2023-06-27 22:13:49.913" camera="259" light="UV" page="0" isdata="vxgen0002.bin" datatype="file"/>
         <image file="image3.jpg" captime="2023-06-27 22:13:50.149" camera="321" light="KINEGRAM" page="0" isdata="vxgen0003.bin" datatype="file"/>
         <image file="image4.jpg" captime="2023-06-27 22:13:49.602" camera="257" light="WHITE" page="0" isdata="vxgen0004.bin" datatype="file"/>
      </imagelist>
   </pagelist>
   <tasklist>
      <document type="Unknown document" code="0" ocr="2.0.8.181" checksum="OK" odata="F000" proctime="2023-06-27 22:13:58.647" procperiod="125" task="ANALYZE">
         <fieldlist/>
         <imagelist ref-path="/root/pagelist/imagelist"/>
      </document>
      <document type="Hungarian driving license - front" code="122" ocr="2.0.8.181" checksum="OK" windowframe="17528,35639,103051,35674,103063,89674,17531,89639" odata="0F00" proctime="2023-06-27 22:13:58.895" procperiod="1820" task="ANALYZE">
         <fieldlist>
            <field id="VIZ_AUTH_DOCAREA" formattedvalue="930" standardizedvalue="930" amid="(UV,BR,FU)" light="UV" checksum="OK" windowframe="17528,35639,103051,35674,103063,89674,17531,89639"/>
            <field id="VIZ_SURNAME" fieldvalue="LAKLIA" valuetype="unicode" light="WHITE" checksum="NO" windowfullframe="42497,48999,102742,49022,102742,55219,42494,55194" windowframe="43847,49860,50442,49860,50442,51831,43847,51831"/>
            <field id="VIZ_GIVENNAME" fieldvalue="ISTVÁN" valuetype="unicode" light="WHITE" checksum="NO" windowfullframe="42672,55038,102574,55060,102571,58537,42672,58512" windowframe="43856,55429,50782,55432,50779,57781,43853,57778"/>
            <field id="VIZ_BIRTH_DATE" fieldvalue="1948.07.01." valuetype="unicode" standardizedvalue="1948-07-01" light="WHITE" checksum="NO" chkdetails="FORMAT_OK" windowfullframe="43040,58534,58873,58540,58873,61382,43037,61376" windowframe="44031,59178,55917,59182,55914,60779,44028,60775"/>
            <field id="VIZ_BIRTH_PLACE" fieldvalue="BABÓCSA" valuetype="unicode" light="WHITE" checksum="NO" windowfullframe="58111,58388,102539,58407,102539,61350,58111,61331" windowframe="59880,58680,71016,58686,71013,60747,59877,60741"/>
            <field id="VIZ_ISSUE_DATE" fieldvalue="2016.09.15." valuetype="unicode" standardizedvalue="2016-09-15" light="WHITE" checksum="NO" chkdetails="FORMAT_OK" windowfullframe="45603,61398,61550,61404,61550,64312,45603,64306" windowframe="46921,62058,59569,62065,59569,63674,46917,63668"/>
            <field id="VIZ_EXPIRY_DATE" fieldvalue="2066.09.15." valuetype="unicode" standardizedvalue="2066-09-15" light="WHITE" checksum="NO" chkdetails="FORMAT_OK" windowfullframe="45641,64328,61607,64335,61607,67322,45638,67316" windowframe="46933,65033,59314,65036,59311,66687,46930,66684"/>
            <field id="VIZ_DOCUMENT_NUMBER" fieldvalue="CS240736" valuetype="unicode" light="WHITE" checksum="NO" windowfullframe="43247,66716,62433,66725,62430,70370,43243,70364" windowframe="44044,67570,57587,67573,57584,69573,44040,69570"/>
            <field id="VIZ_ISSUE_ORG" fieldvalue="KEKKH" valuetype="unicode" light="WHITE" checksum="NO" windowfullframe="70429,61328,102523,61341,102520,64246,70429,64233" windowframe="71832,62071,78790,62074,78787,63623,71829,63623"/>
            <field id="VIZ1" fieldvalue="AM B" valuetype="unicode" light="WHITE" checksum="NO" windowfullframe="43612,80372,88030,80387,88027,85252,43609,85233" windowframe="44860,81546,55879,81553,55875,84115,44856,84109"/>
            <field id="VIZ_FACE" light="WHITE" checksum="NO" windowframe="20107,48866,40976,48876,40979,74638,20107,74631"/>
            <field id="VIZ_SIGNATURE" light="WHITE" checksum="NO" windowframe="43659,70399,102355,70421,102355,80438,43662,80413"/>
            <field id="VIZ_DOCTYPE" formattedvalue="DL" standardizedvalue="DL" checksum="NO"/>
            <field id="VIZ_ISSUE_COUNTRY" formattedvalue="HUN" standardizedvalue="HUN" checksum="NO"/>
            <field id="VIZ_DTDATA" formattedvalue="2013" checksum="NO"/>
            <field id="VIZ_PAGE" formattedvalue="F" standardizedvalue="F" checksum="NO"/>
         </fieldlist>
         <imagelist ref-path="/root/pagelist/imagelist"/>
      </document>
   </tasklist>
</root>
