<?xml version="1.0" encoding="UTF-8" ?>
<!-- Passport Reader Document File -->
<root>
   <reader device="SMARTKIOSK-L214733" software="2.1.10.3-x64"/>
   <pagelist>
      <imagelist proctime="2023-06-27 22:14:58.126">
         <image file="image1.jpg" captime="2023-06-27 22:15:01.500" camera="258" light="INFRA" page="0" isdata="vxgen0001.bin" datatype="file"/>
         <image file="image2.jpg" captime="2023-06-27 22:15:02.385" camera="259" light="UV" page="0" isdata="vxgen0002.bin" datatype="file"/>
         <image file="image3.jpg" captime="2023-06-27 22:15:02.624" camera="321" light="KINEGRAM" page="0" isdata="vxgen0003.bin" datatype="file"/>
         <image file="image4.jpg" captime="2023-06-27 22:15:02.072" camera="257" light="WHITE" page="0" isdata="vxgen0004.bin" datatype="file"/>
      </imagelist>
   </pagelist>
   <tasklist>
      <document type="Unknown document" code="0" ocr="2.0.8.181" checksum="OK" odata="F000" proctime="2023-06-27 22:15:03.589" procperiod="125" task="ANALYZE">
         <fieldlist/>
         <imagelist ref-path="/root/pagelist/imagelist"/>
      </document>
      <document type="Hungarian driving license - front" code="122" ocr="2.0.8.181" checksum="OK" windowframe="17535,35642,103092,35677,103066,89678,17538,89643" odata="0F00" proctime="2023-06-27 22:15:03.819" procperiod="1945" task="ANALYZE">
         <fieldlist>
            <field id="VIZ_AUTH_DOCAREA" formattedvalue="930" standardizedvalue="930" amid="(UV,BR,FU)" light="UV" checksum="OK" windowframe="17535,35642,103092,35677,103066,89678,17538,89643"/>
            <field id="VIZ_SURNAME" fieldvalue="LAKLIA" valuetype="unicode" light="WHITE" checksum="NO" windowfullframe="42488,49022,102733,49044,102733,55219,42484,55194" windowframe="43853,49882,50423,49885,50420,51819,43850,51816"/>
            <field id="VIZ_GIVENNAME" fieldvalue="ISTVÁN" valuetype="unicode" light="WHITE" checksum="NO" windowfullframe="42662,55029,102565,55051,102561,58604,42662,58578" windowframe="42951,55257,50807,55260,50804,57718,42948,57715"/>
            <field id="VIZ_BIRTH_DATE" fieldvalue="1948.07.01." valuetype="unicode" standardizedvalue="1948-07-01" light="WHITE" checksum="NO" chkdetails="FORMAT_OK" windowfullframe="43085,58556,58918,58562,58918,61369,43081,61363" windowframe="44085,59131,55933,59134,55929,60864,44082,60861"/>
            <field id="VIZ_BIRTH_PLACE" fieldvalue="BABÓCSA" valuetype="unicode" light="WHITE" checksum="NO" windowfullframe="58101,58420,102530,58439,102530,61344,58101,61325" windowframe="59880,58705,71007,58712,71003,60728,59877,60721"/>
            <field id="VIZ_ISSUE_DATE" fieldvalue="2016.09.15." valuetype="unicode" standardizedvalue="2016-09-15" light="WHITE" checksum="NO" chkdetails="FORMAT_OK" windowfullframe="45647,61385,61594,61391,61594,64325,45647,64319" windowframe="46924,62026,59686,62033,59683,63719,46921,63712"/>
            <field id="VIZ_EXPIRY_DATE" fieldvalue="2066.09.15." valuetype="unicode" standardizedvalue="2066-09-15" light="WHITE" checksum="NO" chkdetails="FORMAT_OK" windowfullframe="45685,64363,61652,64370,61652,67319,45682,67313" windowframe="46955,64995,59289,64998,59286,66713,46952,66710"/>
            <field id="VIZ_DOCUMENT_NUMBER" fieldvalue="CS240736" valuetype="unicode" light="WHITE" checksum="NO" windowfullframe="43291,66725,62477,66735,62474,70367,43288,70361" windowframe="44075,67570,57568,67573,57565,69573,44072,69570"/>
            <field id="VIZ_ISSUE_ORG" fieldvalue="KEKKH" valuetype="unicode" light="WHITE" checksum="NO" windowfullframe="70419,61344,102514,61357,102511,64239,70419,64227" windowframe="71835,62074,78793,62077,78790,63627,71835,63623"/>
            <field id="VIZ1" fieldvalue="AM B" valuetype="unicode" light="WHITE" checksum="NO" windowfullframe="43602,80394,88021,80410,88018,85248,43599,85229" windowframe="44863,81492,55917,81499,55914,84118,44860,84115"/>
            <field id="VIZ_FACE" light="WHITE" checksum="NO" windowframe="20113,48869,40989,48879,40989,74641,20113,74634"/>
            <field id="VIZ_SIGNATURE" light="WHITE" checksum="NO" windowframe="43669,70402,102371,70424,102365,80441,43666,80416"/>
            <field id="VIZ_DOCTYPE" formattedvalue="DL" standardizedvalue="DL" checksum="NO"/>
            <field id="VIZ_ISSUE_COUNTRY" formattedvalue="HUN" standardizedvalue="HUN" checksum="NO"/>
            <field id="VIZ_DTDATA" formattedvalue="2013" checksum="NO"/>
            <field id="VIZ_PAGE" formattedvalue="F" standardizedvalue="F" checksum="NO"/>
         </fieldlist>
         <imagelist ref-path="/root/pagelist/imagelist"/>
      </document>
   </tasklist>
</root>
