<?xml version="1.0" encoding="UTF-8" ?>
<!-- Passport Reader Document File -->
<root>
   <reader device="SMARTKIOSK-L214733" software="2.1.10.3-x64"/>
   <pagelist>
      <imagelist proctime="2023-06-27 22:21:12.290">
         <image file="image1.jpg" captime="2023-06-27 22:21:12.633" camera="258" light="INFRA" page="0" isdata="vxgen0001.bin" datatype="file"/>
         <image file="image2.jpg" captime="2023-06-27 22:21:13.900" camera="259" light="UV" page="0" isdata="vxgen0002.bin" datatype="file"/>
         <image file="image3.jpg" captime="2023-06-27 22:21:14.140" camera="321" light="KINEGRAM" page="0" isdata="vxgen0003.bin" datatype="file"/>
         <image file="image4.jpg" captime="2023-06-27 22:21:13.214" camera="257" light="WHITE" page="0" isdata="vxgen0004.bin" datatype="file"/>
      </imagelist>
   </pagelist>
   <tasklist>
      <document type="Unknown document" code="0" ocr="2.0.8.181" checksum="OK" odata="F000" proctime="2023-06-27 22:21:15.834" procperiod="131" task="ANALYZE">
         <fieldlist/>
         <imagelist ref-path="/root/pagelist/imagelist"/>
      </document>
      <document type="Hungarian driving license - front" code="122" ocr="2.0.8.181" checksum="OK" windowframe="17528,35633,103076,35664,103066,89665,17525,89633" odata="0F00" proctime="2023-06-27 22:21:16.049" procperiod="1729" task="ANALYZE">
         <fieldlist>
            <field id="VIZ_AUTH_DOCAREA" formattedvalue="930" standardizedvalue="930" amid="(UV,BR,FU)" light="UV" checksum="OK" windowframe="17528,35633,103076,35664,103066,89665,17525,89633"/>
            <field id="VIZ_SURNAME" fieldvalue="L?KLI" valuetype="unicode" light="WHITE" checksum="NO" windowfullframe="42491,49015,102739,49037,102739,55207,42488,55184" windowframe="43853,49869,49013,49873,49010,51787,43850,51784"/>
            <field id="VIZ_GIVENNAME" fieldvalue="ISTVÁN" valuetype="unicode" light="WHITE" checksum="NO" windowfullframe="42662,55019,102568,55041,102565,58543,42662,58521" windowframe="43856,55324,50801,55327,50798,57747,43853,57743"/>
            <field id="VIZ_BIRTH_DATE" fieldvalue="1948.07.01." valuetype="unicode" standardizedvalue="1948-07-01" light="WHITE" checksum="NO" chkdetails="FORMAT_OK" windowfullframe="43034,58534,58867,58540,58867,61363,43031,61357" windowframe="44063,59137,56037,59140,56034,60833,44059,60829"/>
            <field id="VIZ_BIRTH_PLACE" fieldvalue="BABÓCSA" valuetype="unicode" light="WHITE" checksum="NO" windowfullframe="58105,58366,102536,58382,102536,61341,58105,61325" windowframe="59896,58705,71019,58709,71016,60721,59892,60718"/>
            <field id="VIZ_ISSUE_DATE" fieldvalue="2016.09.15." valuetype="unicode" standardizedvalue="2016-09-15" light="WHITE" checksum="NO" chkdetails="FORMAT_OK" windowfullframe="45596,61376,61544,61382,61544,64316,45596,64309" windowframe="46901,62011,59610,62017,59607,63690,46898,63684"/>
            <field id="VIZ_EXPIRY_DATE" fieldvalue="2066.09.15." valuetype="unicode" standardizedvalue="2066-09-15" light="WHITE" checksum="NO" chkdetails="FORMAT_OK" windowfullframe="45634,64351,61604,64357,61604,67303,45631,67297" windowframe="46879,65046,59311,65049,59308,66691,46876,66691"/>
            <field id="VIZ_DOCUMENT_NUMBER" fieldvalue="CS240736" valuetype="unicode" light="WHITE" checksum="NO" windowfullframe="43240,66710,62426,66716,62423,70377,43237,70370" windowframe="44059,67541,57584,67545,57584,69561,44059,69558"/>
            <field id="VIZ_ISSUE_ORG" fieldvalue="KEKKH" valuetype="unicode" light="WHITE" checksum="NO" windowfullframe="70422,61322,102517,61334,102514,64217,70422,64204" windowframe="71839,62052,78777,62055,78774,63589,71839,63589"/>
            <field id="VIZ1" fieldvalue="AM B" valuetype="unicode" light="WHITE" checksum="NO" windowfullframe="43605,80334,88024,80349,88021,85264,43602,85248" windowframe="44806,81489,55872,81492,55869,84150,44802,84147"/>
            <field id="VIZ_FACE" light="WHITE" checksum="NO" windowframe="20107,48857,40982,48863,40979,74628,20104,74622"/>
            <field id="VIZ_SIGNATURE" light="WHITE" checksum="NO" windowframe="43659,70393,102365,70415,102365,80429,43659,80407"/>
            <field id="VIZ_DOCTYPE" formattedvalue="DL" standardizedvalue="DL" checksum="NO"/>
            <field id="VIZ_ISSUE_COUNTRY" formattedvalue="HUN" standardizedvalue="HUN" checksum="NO"/>
            <field id="VIZ_DTDATA" formattedvalue="2013" checksum="NO"/>
            <field id="VIZ_PAGE" formattedvalue="F" standardizedvalue="F" checksum="NO"/>
         </fieldlist>
         <imagelist ref-path="/root/pagelist/imagelist"/>
      </document>
   </tasklist>
</root>
