<?xml version="1.0" encoding="UTF-8" ?>
<!-- Passport Reader Document File -->
<root>
   <reader device="SMARTKIOSK-L214733" software="2.1.10.3-x64"/>
   <pagelist>
      <imagelist proctime="2023-06-27 22:16:32.749">
         <image file="image1.jpg" captime="2023-06-27 22:16:36.158" camera="258" light="INFRA" page="0" isdata="vxgen0001.bin" datatype="file"/>
         <image file="image2.jpg" captime="2023-06-27 22:16:37.045" camera="259" light="UV" page="0" isdata="vxgen0002.bin" datatype="file"/>
         <image file="image3.jpg" captime="2023-06-27 22:16:37.283" camera="321" light="KINEGRAM" page="0" isdata="vxgen0003.bin" datatype="file"/>
         <image file="image4.jpg" captime="2023-06-27 22:16:36.731" camera="257" light="WHITE" page="0" isdata="vxgen0004.bin" datatype="file"/>
      </imagelist>
   </pagelist>
   <tasklist>
      <document type="Unknown document" code="0" ocr="2.0.8.181" checksum="OK" odata="F000" proctime="2023-06-27 22:16:38.496" procperiod="131" task="ANALYZE">
         <fieldlist/>
         <imagelist ref-path="/root/pagelist/imagelist"/>
      </document>
      <document type="Hungarian driving license - front" code="122" ocr="2.0.8.181" checksum="OK" windowframe="17528,35636,103089,35671,103066,89671,17541,89636" odata="0F00" proctime="2023-06-27 22:16:38.703" procperiod="1746" task="ANALYZE">
         <fieldlist>
            <field id="VIZ_AUTH_DOCAREA" formattedvalue="930" standardizedvalue="930" amid="(UV,BR,FU)" light="UV" checksum="OK" windowframe="17528,35636,103089,35671,103066,89671,17541,89636"/>
            <field id="VIZ_SURNAME" fieldvalue="LAKLIA" valuetype="unicode" light="WHITE" checksum="NO" windowfullframe="42507,49015,102755,49037,102755,55213,42503,55187" windowframe="43802,49834,50439,49838,50436,51870,43799,51866"/>
            <field id="VIZ_GIVENNAME" fieldvalue="ISTVÁN" valuetype="unicode" light="WHITE" checksum="NO" windowfullframe="42678,55038,102584,55060,102581,58566,42678,58540" windowframe="43837,55305,50817,55308,50814,57750,43834,57747"/>
            <field id="VIZ_BIRTH_DATE" fieldvalue="1948.07.01." valuetype="unicode" standardizedvalue="1948-07-01" light="WHITE" checksum="NO" chkdetails="FORMAT_OK" windowfullframe="43050,58540,58883,58547,58883,61366,43046,61360" windowframe="44021,59175,56168,59178,56164,60807,44018,60804"/>
            <field id="VIZ_BIRTH_PLACE" fieldvalue="BABÓCSA" valuetype="unicode" light="WHITE" checksum="NO" windowfullframe="58121,58375,102552,58394,102552,61366,58121,61347" windowframe="59889,58661,71013,58667,71010,60763,59886,60756"/>
            <field id="VIZ_ISSUE_DATE" fieldvalue="2016.09.15." valuetype="unicode" standardizedvalue="2016-09-15" light="WHITE" checksum="NO" chkdetails="FORMAT_OK" windowfullframe="45612,61366,61560,61372,61560,64331,45612,64325" windowframe="46917,62065,59308,62068,59305,63700,46914,63700"/>
            <field id="VIZ_EXPIRY_DATE" fieldvalue="2066.09.15." valuetype="unicode" standardizedvalue="2066-09-15" light="WHITE" checksum="NO" chkdetails="FORMAT_OK" windowfullframe="45650,64344,61620,64351,61620,67326,45647,67319" windowframe="46921,65005,59302,65008,59299,66738,46917,66735"/>
            <field id="VIZ_DOCUMENT_NUMBER" fieldvalue="CS240736" valuetype="unicode" light="WHITE" checksum="NO" windowfullframe="43256,66710,62442,66719,62439,70364,43253,70358" windowframe="44066,67564,57568,67567,57565,69573,44063,69573"/>
            <field id="VIZ_ISSUE_ORG" fieldvalue="KEKKH" valuetype="unicode" light="WHITE" checksum="NO" windowfullframe="70438,61347,102533,61360,102530,64227,70438,64214" windowframe="71823,62058,78787,62061,78783,63630,71820,63627"/>
            <field id="VIZ1" fieldvalue="AM B" valuetype="unicode" light="WHITE" checksum="NO" windowfullframe="43621,80394,88040,80410,88037,85245,43618,85226" windowframe="44837,81467,55888,81470,55885,84137,44834,84134"/>
            <field id="VIZ_FACE" light="WHITE" checksum="NO" windowframe="20110,48860,40986,48869,40989,74634,20116,74625"/>
            <field id="VIZ_SIGNATURE" light="WHITE" checksum="NO" windowframe="43669,70396,102368,70421,102365,80435,43669,80410"/>
            <field id="VIZ_DOCTYPE" formattedvalue="DL" standardizedvalue="DL" checksum="NO"/>
            <field id="VIZ_ISSUE_COUNTRY" formattedvalue="HUN" standardizedvalue="HUN" checksum="NO"/>
            <field id="VIZ_DTDATA" formattedvalue="2013" checksum="NO"/>
            <field id="VIZ_PAGE" formattedvalue="F" standardizedvalue="F" checksum="NO"/>
         </fieldlist>
         <imagelist ref-path="/root/pagelist/imagelist"/>
      </document>
   </tasklist>
</root>
