<?xml version="1.0" encoding="UTF-8" ?>
<!-- Passport Reader Document File -->
<root>
   <reader device="SMARTKIOSK-L214733" software="2.1.10.3-x64"/>
   <pagelist>
      <imagelist proctime="2023-06-27 22:29:04.831">
         <image file="image1.jpg" captime="2023-06-27 22:29:05.181" camera="258" light="INFRA" page="0" isdata="vxgen0001.bin" datatype="file"/>
         <image file="image2.jpg" captime="2023-06-27 22:29:06.269" camera="259" light="UV" page="0" isdata="vxgen0002.bin" datatype="file"/>
         <image file="image3.jpg" captime="2023-06-27 22:29:06.506" camera="321" light="KINEGRAM" page="0" isdata="vxgen0003.bin" datatype="file"/>
         <image file="image4.jpg" captime="2023-06-27 22:29:05.754" camera="257" light="WHITE" page="0" isdata="vxgen0004.bin" datatype="file"/>
      </imagelist>
   </pagelist>
   <tasklist>
      <document type="Unknown document" code="0" ocr="2.0.8.181" checksum="OK" odata="F000" proctime="2023-06-27 22:29:07.966" procperiod="132" task="ANALYZE">
         <fieldlist/>
         <imagelist ref-path="/root/pagelist/imagelist"/>
      </document>
      <document type="Hungarian driving license - front" code="122" ocr="2.0.8.181" checksum="OK" windowframe="17528,35639,103085,35671,103066,89671,17538,89639" odata="0F00" proctime="2023-06-27 22:29:08.194" procperiod="1825" task="ANALYZE">
         <fieldlist>
            <field id="VIZ_AUTH_DOCAREA" formattedvalue="930" standardizedvalue="930" amid="(UV,BR,FU)" light="UV" checksum="OK" windowframe="17528,35639,103085,35671,103066,89671,17538,89639"/>
            <field id="VIZ_SURNAME" fieldvalue="LAKL?A" valuetype="unicode" light="WHITE" checksum="NO" windowfullframe="42491,49018,102739,49041,102739,55226,42488,55203" windowframe="43850,49885,50391,49888,50388,51771,43847,51768"/>
            <field id="VIZ_GIVENNAME" fieldvalue="ISTVÁN" valuetype="unicode" light="WHITE" checksum="NO" windowfullframe="42662,55038,102568,55060,102565,58537,42662,58515" windowframe="43840,55235,50801,55238,50798,57743,43837,57740"/>
            <field id="VIZ_BIRTH_DATE" fieldvalue="1948.07.01." valuetype="unicode" standardizedvalue="1948-07-01" light="WHITE" checksum="NO" chkdetails="FORMAT_OK" windowfullframe="43135,58540,58968,58547,58968,61369,43132,61363" windowframe="44098,59172,55993,59175,55990,60795,44094,60791"/>
            <field id="VIZ_BIRTH_PLACE" fieldvalue="BABÓCSA" valuetype="unicode" light="WHITE" checksum="NO" windowfullframe="58105,58312,102536,58328,102536,61388,58105,61372" windowframe="59915,58728,70994,58731,70991,60731,59911,60728"/>
            <field id="VIZ_ISSUE_DATE" fieldvalue="2016.09.15." valuetype="unicode" standardizedvalue="2016-09-15" light="WHITE" checksum="NO" chkdetails="FORMAT_OK" windowfullframe="45698,61360,61645,61366,61645,64322,45698,64316" windowframe="46908,62077,59534,62084,59530,63712,46905,63706"/>
            <field id="VIZ_EXPIRY_DATE" fieldvalue="2066.09.15." valuetype="unicode" standardizedvalue="2066-09-15" light="WHITE" checksum="NO" chkdetails="FORMAT_OK" windowfullframe="45736,64357,61706,64363,61706,67310,45733,67303" windowframe="46940,65017,59273,65020,59270,66694,46936,66694"/>
            <field id="VIZ_DOCUMENT_NUMBER" fieldvalue="CS240736" valuetype="unicode" light="WHITE" checksum="NO" windowfullframe="43342,66722,62528,66729,62525,70361,43339,70354" windowframe="44050,67580,57600,67583,57597,69564,44047,69561"/>
            <field id="VIZ_ISSUE_ORG" fieldvalue="KEKKH" valuetype="unicode" light="WHITE" checksum="NO" windowfullframe="70422,61347,102517,61360,102514,64227,70422,64214" windowframe="71835,62058,78777,62061,78774,63630,71832,63630"/>
            <field id="VIZ1" fieldvalue="AM B" valuetype="unicode" light="WHITE" checksum="NO" windowfullframe="43605,80391,88024,80407,88021,85245,43602,85229" windowframe="44818,81521,55888,81524,55885,84134,44815,84131"/>
            <field id="VIZ_FACE" light="WHITE" checksum="NO" windowframe="20107,48863,40986,48869,40986,74634,20113,74628"/>
            <field id="VIZ_SIGNATURE" light="WHITE" checksum="NO" windowframe="43666,70399,102368,70421,102365,80435,43666,80413"/>
            <field id="VIZ_DOCTYPE" formattedvalue="DL" standardizedvalue="DL" checksum="NO"/>
            <field id="VIZ_ISSUE_COUNTRY" formattedvalue="HUN" standardizedvalue="HUN" checksum="NO"/>
            <field id="VIZ_DTDATA" formattedvalue="2013" checksum="NO"/>
            <field id="VIZ_PAGE" formattedvalue="F" standardizedvalue="F" checksum="NO"/>
         </fieldlist>
         <imagelist ref-path="/root/pagelist/imagelist"/>
      </document>
   </tasklist>
</root>
