<?xml version="1.0" encoding="UTF-8" ?>
<!-- Passport Reader Document File -->
<root>
   <reader device="SMARTKIOSK-L214733" software="2.1.10.3-x64"/>
   <pagelist>
      <imagelist proctime="2023-06-27 22:49:20.914">
         <image file="image1.jpg" captime="2023-06-27 22:49:21.257" camera="258" light="INFRA" page="0" isdata="vxgen0001.bin" datatype="file"/>
         <image file="image2.jpg" captime="2023-06-27 22:49:22.240" camera="259" light="UV" page="0" isdata="vxgen0002.bin" datatype="file"/>
         <image file="image3.jpg" captime="2023-06-27 22:49:22.476" camera="321" light="KINEGRAM" page="0" isdata="vxgen0003.bin" datatype="file"/>
         <image file="image4.jpg" captime="2023-06-27 22:49:21.826" camera="257" light="WHITE" page="0" isdata="vxgen0004.bin" datatype="file"/>
      </imagelist>
   </pagelist>
   <tasklist>
      <document type="Unknown document" code="0" ocr="2.0.8.181" checksum="OK" odata="F000" proctime="2023-06-27 22:49:30.883" procperiod="120" task="ANALYZE">
         <fieldlist/>
         <imagelist ref-path="/root/pagelist/imagelist"/>
      </document>
      <document type="Hungarian driving license - front" code="122" ocr="2.0.8.181" checksum="OK" windowframe="17528,35639,103054,35664,103070,89665,17525,89636" odata="0F00" proctime="2023-06-27 22:49:31.072" procperiod="1860" task="ANALYZE">
         <fieldlist>
            <field id="VIZ_AUTH_DOCAREA" formattedvalue="930" standardizedvalue="930" amid="(UV,BR,FU)" light="UV" checksum="OK" windowframe="17528,35639,103054,35664,103070,89665,17525,89636"/>
            <field id="VIZ_SURNAME" fieldvalue="LAKLIA" valuetype="unicode" light="WHITE" checksum="NO" windowfullframe="42484,49025,102733,49041,102730,55175,42481,55159" windowframe="43837,49866,50423,49866,50423,51803,43837,51803"/>
            <field id="VIZ_GIVENNAME" fieldvalue="ISTVÁN" valuetype="unicode" light="WHITE" checksum="NO" windowfullframe="42659,55026,102561,55041,102561,58547,42659,58528" windowframe="43840,55273,50801,55276,50798,57785,43837,57781"/>
            <field id="VIZ_BIRTH_DATE" fieldvalue="1948.07.01." valuetype="unicode" standardizedvalue="1948-07-01" light="WHITE" checksum="NO" chkdetails="FORMAT_OK" windowfullframe="43129,58553,58962,58559,58962,61353,43129,61347" windowframe="44072,59115,56025,59118,56022,60858,44069,60858"/>
            <field id="VIZ_BIRTH_PLACE" fieldvalue="BABÓCSA" valuetype="unicode" light="WHITE" checksum="NO" windowfullframe="58098,58378,102530,58391,102530,61325,58098,61312" windowframe="59889,58702,70988,58705,70984,60721,59886,60718"/>
            <field id="VIZ_ISSUE_DATE" fieldvalue="2016.09.15." valuetype="unicode" standardizedvalue="2016-09-15" light="WHITE" checksum="NO" chkdetails="FORMAT_OK" windowfullframe="45692,61379,61642,61382,61642,64316,45692,64309" windowframe="46911,62036,59302,62042,59299,63693,46908,63687"/>
            <field id="VIZ_EXPIRY_DATE" fieldvalue="2066.09.15." valuetype="unicode" standardizedvalue="2066-09-15" light="WHITE" checksum="NO" chkdetails="FORMAT_OK" windowfullframe="45730,64344,61699,64351,61696,67297,45730,67291" windowframe="46895,65084,59308,65087,59305,66656,46892,66652"/>
            <field id="VIZ_DOCUMENT_NUMBER" fieldvalue="CS240736" valuetype="unicode" light="WHITE" checksum="NO" windowfullframe="43335,66725,62522,66732,62522,70339,43335,70332" windowframe="44021,67573,57581,67576,57577,69596,44018,69592"/>
            <field id="VIZ_ISSUE_ORG" fieldvalue="KEKKH" valuetype="unicode" light="WHITE" checksum="NO" windowfullframe="70419,61299,102514,61309,102511,64239,70416,64230" windowframe="71842,62026,78771,62030,78768,63636,71839,63636"/>
            <field id="VIZ1" fieldvalue="AM B" valuetype="unicode" light="WHITE" checksum="NO" windowfullframe="43605,80337,88024,80349,88024,85271,43602,85255" windowframe="44822,81530,55866,81534,55863,84128,44818,84124"/>
            <field id="VIZ_FACE" light="WHITE" checksum="NO" windowframe="20107,48863,40973,48869,40976,74631,20104,74625"/>
            <field id="VIZ_SIGNATURE" light="WHITE" checksum="NO" windowframe="43656,70396,102358,70415,102361,80429,43659,80410"/>
            <field id="VIZ_DOCTYPE" formattedvalue="DL" standardizedvalue="DL" checksum="NO"/>
            <field id="VIZ_ISSUE_COUNTRY" formattedvalue="HUN" standardizedvalue="HUN" checksum="NO"/>
            <field id="VIZ_DTDATA" formattedvalue="2013" checksum="NO"/>
            <field id="VIZ_PAGE" formattedvalue="F" standardizedvalue="F" checksum="NO"/>
         </fieldlist>
         <imagelist ref-path="/root/pagelist/imagelist"/>
      </document>
   </tasklist>
</root>
