<?xml version="1.0" encoding="UTF-8" ?>
<!-- Passport Reader Document File -->
<root>
   <reader device="SMARTKIOSK-L214733" software="2.1.10.3-x64"/>
   <pagelist>
      <imagelist proctime="2023-06-27 22:22:15.001">
         <image file="image1.jpg" captime="2023-06-27 22:22:15.331" camera="258" light="INFRA" page="0" isdata="vxgen0001.bin" datatype="file"/>
         <image file="image2.jpg" captime="2023-06-27 22:22:16.483" camera="259" light="UV" page="0" isdata="vxgen0002.bin" datatype="file"/>
         <image file="image3.jpg" captime="2023-06-27 22:22:16.724" camera="321" light="KINEGRAM" page="0" isdata="vxgen0003.bin" datatype="file"/>
         <image file="image4.jpg" captime="2023-06-27 22:22:15.906" camera="257" light="WHITE" page="0" isdata="vxgen0004.bin" datatype="file"/>
      </imagelist>
   </pagelist>
   <tasklist>
      <document type="Unknown document" code="0" ocr="2.0.8.181" checksum="OK" odata="F000" proctime="2023-06-27 22:22:18.468" procperiod="122" task="ANALYZE">
         <fieldlist/>
         <imagelist ref-path="/root/pagelist/imagelist"/>
      </document>
      <document type="Hungarian driving license - front" code="122" ocr="2.0.8.181" checksum="OK" windowframe="17528,35636,103079,35664,103070,89665,17528,89636" odata="0F00" proctime="2023-06-27 22:22:18.689" procperiod="1667" task="ANALYZE">
         <fieldlist>
            <field id="VIZ_AUTH_DOCAREA" formattedvalue="930" standardizedvalue="930" amid="(UV,BR,FU)" light="UV" checksum="OK" windowframe="17528,35636,103079,35664,103070,89665,17528,89636"/>
            <field id="VIZ_SURNAME" fieldvalue="LAKL A" valuetype="unicode" light="WHITE" checksum="NO" windowfullframe="42488,49025,102736,49044,102733,55191,42484,55172" windowframe="42935,49885,50436,49888,50433,51752,42932,51752"/>
            <field id="VIZ_GIVENNAME" fieldvalue="ISTVÁN" valuetype="unicode" light="WHITE" checksum="NO" windowfullframe="42662,55006,102561,55026,102561,58509,42662,58489" windowframe="43850,55226,50772,55229,50769,57759,43847,57756"/>
            <field id="VIZ_BIRTH_DATE" fieldvalue="1948.07.01." valuetype="unicode" standardizedvalue="1948-07-01" light="WHITE" checksum="NO" chkdetails="FORMAT_OK" windowfullframe="43132,58528,58965,58531,58965,61388,43132,61385" windowframe="44066,59185,56180,59188,56177,60820,44063,60817"/>
            <field id="VIZ_BIRTH_PLACE" fieldvalue="BABÓCSA" valuetype="unicode" light="WHITE" checksum="NO" windowfullframe="58101,58388,102533,58404,102533,61312,58101,61296" windowframe="59883,58731,70997,58734,70994,60741,59880,60737"/>
            <field id="VIZ_ISSUE_DATE" fieldvalue="2016.09.15." valuetype="unicode" standardizedvalue="2016-09-15" light="WHITE" checksum="NO" chkdetails="FORMAT_OK" windowfullframe="45695,61350,61642,61357,61642,64325,45695,64322" windowframe="46914,62058,59276,62061,59273,63690,46911,63690"/>
            <field id="VIZ_EXPIRY_DATE" fieldvalue="2066.09.15." valuetype="unicode" standardizedvalue="2066-09-15" light="WHITE" checksum="NO" chkdetails="FORMAT_OK" windowfullframe="45733,64341,61702,64344,61699,67316,45733,67313" windowframe="46943,65081,59292,65084,59289,66659,46940,66659"/>
            <field id="VIZ_DOCUMENT_NUMBER" fieldvalue="CS240736" valuetype="unicode" light="WHITE" checksum="NO" windowfullframe="43339,66725,62522,66732,62522,70339,43339,70332" windowframe="44069,67589,57666,67592,57666,69580,44066,69577"/>
            <field id="VIZ_ISSUE_ORG" fieldvalue="KEKKH" valuetype="unicode" light="WHITE" checksum="NO" windowfullframe="70422,61318,102517,61328,102514,64236,70419,64224" windowframe="71845,62071,78802,62074,78799,63623,71845,63623"/>
            <field id="VIZ1" fieldvalue="AM B" valuetype="unicode" light="WHITE" checksum="NO" windowfullframe="43561,80368,87976,80384,87976,85255,43558,85242" windowframe="44876,81534,55885,81537,55882,84099,44872,84099"/>
            <field id="VIZ_FACE" light="WHITE" checksum="NO" windowframe="20107,48860,40982,48866,40982,74631,20107,74625"/>
            <field id="VIZ_SIGNATURE" light="WHITE" checksum="NO" windowframe="43662,70393,102368,70415,102368,80429,43659,80407"/>
            <field id="VIZ_DOCTYPE" formattedvalue="DL" standardizedvalue="DL" checksum="NO"/>
            <field id="VIZ_ISSUE_COUNTRY" formattedvalue="HUN" standardizedvalue="HUN" checksum="NO"/>
            <field id="VIZ_DTDATA" formattedvalue="2013" checksum="NO"/>
            <field id="VIZ_PAGE" formattedvalue="F" standardizedvalue="F" checksum="NO"/>
         </fieldlist>
         <imagelist ref-path="/root/pagelist/imagelist"/>
      </document>
   </tasklist>
</root>
