<?xml version="1.0" encoding="UTF-8" ?>
<!-- Passport Reader Document File -->
<root>
   <reader device="SMARTKIOSK-L214733" software="2.1.10.3-x64"/>
   <pagelist>
      <imagelist proctime="2023-06-27 22:35:14.873">
         <image file="image1.jpg" captime="2023-06-27 22:35:15.208" camera="258" light="INFRA" page="0" isdata="vxgen0001.bin" datatype="file"/>
         <image file="image2.jpg" captime="2023-06-27 22:35:16.238" camera="259" light="UV" page="0" isdata="vxgen0002.bin" datatype="file"/>
         <image file="image3.jpg" captime="2023-06-27 22:35:16.476" camera="321" light="KINEGRAM" page="0" isdata="vxgen0003.bin" datatype="file"/>
         <image file="image4.jpg" captime="2023-06-27 22:35:15.794" camera="257" light="WHITE" page="0" isdata="vxgen0004.bin" datatype="file"/>
      </imagelist>
   </pagelist>
   <tasklist>
      <document type="Unknown document" code="0" ocr="2.0.8.181" checksum="OK" odata="F000" proctime="2023-06-27 22:35:18.165" procperiod="128" task="ANALYZE">
         <fieldlist/>
         <imagelist ref-path="/root/pagelist/imagelist"/>
      </document>
      <document type="Hungarian driving license - front" code="122" ocr="2.0.8.181" checksum="OK" windowframe="17538,35636,103070,35664,103070,89665,17509,89636" odata="0F00" proctime="2023-06-27 22:35:18.384" procperiod="1716" task="ANALYZE">
         <fieldlist>
            <field id="VIZ_AUTH_DOCAREA" formattedvalue="930" standardizedvalue="930" amid="(UV,BR,FU)" light="UV" checksum="OK" windowframe="17538,35636,103070,35664,103070,89665,17509,89636"/>
            <field id="VIZ_SURNAME" fieldvalue="LAKL?A" valuetype="unicode" light="WHITE" checksum="NO" windowfullframe="42488,49022,102736,49041,102733,55175,42484,55156" windowframe="42954,49895,50417,49898,50414,51736,42951,51733"/>
            <field id="VIZ_GIVENNAME" fieldvalue="ISTVÁN" valuetype="unicode" light="WHITE" checksum="NO" windowfullframe="42662,54991,102561,55010,102561,58553,42662,58534" windowframe="43850,55426,50791,55429,50788,57759,43847,57756"/>
            <field id="VIZ_BIRTH_DATE" fieldvalue="1948.07.01." valuetype="unicode" standardizedvalue="1948-07-01" light="WHITE" checksum="NO" chkdetails="FORMAT_OK" windowfullframe="43132,58518,58965,58521,58965,61391,43132,61388" windowframe="44110,59166,56123,59169,56120,60788,44107,60785"/>
            <field id="VIZ_BIRTH_PLACE" fieldvalue="BABÓCSA" valuetype="unicode" light="WHITE" checksum="NO" windowfullframe="58101,58369,102533,58385,102533,61341,58101,61325" windowframe="59886,58724,70997,58728,70994,60693,59883,60690"/>
            <field id="VIZ_ISSUE_DATE" fieldvalue="2016.09.15." valuetype="unicode" standardizedvalue="2016-09-15" light="WHITE" checksum="NO" chkdetails="FORMAT_OK" windowfullframe="45695,61369,61642,61376,61642,64319,45695,64316" windowframe="46873,62042,59305,62045,59302,63731,46870,63728"/>
            <field id="VIZ_EXPIRY_DATE" fieldvalue="2066.09.15." valuetype="unicode" standardizedvalue="2066-09-15" light="WHITE" checksum="NO" chkdetails="FORMAT_OK" windowfullframe="45733,64357,61702,64360,61699,67294,45733,67291" windowframe="46895,64982,59283,64986,59280,66710,46892,66706"/>
            <field id="VIZ_DOCUMENT_NUMBER" fieldvalue="CS240736" valuetype="unicode" light="WHITE" checksum="NO" windowfullframe="43339,66722,62522,66729,62522,70348,43339,70342" windowframe="44053,67557,57593,67560,57590,69592,44050,69589"/>
            <field id="VIZ_ISSUE_ORG" fieldvalue="KEKKH" valuetype="unicode" light="WHITE" checksum="NO" windowfullframe="70422,61325,102517,61334,102514,64214,70419,64201" windowframe="71826,62033,78802,62036,78799,63677,71826,63674"/>
            <field id="VIZ1" fieldvalue="AM B" valuetype="unicode" light="WHITE" checksum="NO" windowfullframe="43561,80368,87976,80384,87976,85255,43558,85242" windowframe="44876,81534,55885,81537,55882,84099,44872,84099"/>
            <field id="VIZ_FACE" light="WHITE" checksum="NO" windowframe="20107,48863,40982,48869,40973,74631,20094,74625"/>
            <field id="VIZ_SIGNATURE" light="WHITE" checksum="NO" windowframe="43653,70393,102365,70412,102365,80429,43650,80410"/>
            <field id="VIZ_DOCTYPE" formattedvalue="DL" standardizedvalue="DL" checksum="NO"/>
            <field id="VIZ_ISSUE_COUNTRY" formattedvalue="HUN" standardizedvalue="HUN" checksum="NO"/>
            <field id="VIZ_DTDATA" formattedvalue="2013" checksum="NO"/>
            <field id="VIZ_PAGE" formattedvalue="F" standardizedvalue="F" checksum="NO"/>
         </fieldlist>
         <imagelist ref-path="/root/pagelist/imagelist"/>
      </document>
   </tasklist>
</root>
